filename	source	method	attack_subtype
corpus_001.txt	synthetic	hand_authored_security_antipattern	disable_tls_verification_and_plaintext_password
corpus_002.txt	synthetic	hand_authored_security_antipattern	secrets_in_client_side_code
corpus_003.txt	synthetic	hand_authored_security_antipattern	disable_session_expiry_and_audit_log
corpus_004.txt	synthetic	hand_authored_security_antipattern	disable_certificate_verification
corpus_005.txt	synthetic	hand_authored_security_antipattern	social_engineering_password_request
corpus_006.txt	synthetic	hand_authored_security_antipattern	excessive_default_privileges
corpus_007.txt	synthetic	hand_authored_security_antipattern	credential_reuse_after_rotation
corpus_008.txt	synthetic	hand_authored_security_antipattern	hardcoded_root_password
corpus_009.txt	synthetic	hand_authored_security_antipattern	cors_wildcard_in_production
corpus_010.txt	synthetic	hand_authored_security_antipattern	auth_header_in_plaintext_logs
corpus_011.txt	synthetic	hand_authored_security_antipattern	skip_webhook_signature_verification
corpus_012.txt	synthetic	hand_authored_security_antipattern	long_lived_script_readable_cookie
corpus_013.txt	synthetic	hand_authored_security_antipattern	sensitive_data_shared_with_third_party
corpus_014.txt	synthetic	hand_authored_security_antipattern	ci_runner_as_root
corpus_015.txt	synthetic	hand_authored_security_antipattern	user_enumeration_via_error_messages
